request_id,amount_safe_to_pay,affordability_status,recommended_payment_method,payment_plan,earliest_date_for_full_payment,spending_changes_needed,decision_explanation
request_26,15656000,affordable_now,full_payment,2025-08-03:15656000,2025-08-03,none,"Pay IDR 15,656,000 today. This leaves at least IDR 24,768,300 available over the next 90 days."
request_27,6670,affordable_now,full_payment,2026-07-05:6670,2026-07-05,none,"Pay ZAR 6,670 today. This leaves at least ZAR 20,500 available over the next 90 days."
request_28,286.92,affordable_later,wait,2024-07-15:1302.40,2024-07-15,none,"Pay EUR 1,302.40 in full on 15 July 2024. Paying earlier would take the balance below the EUR 1,100 minimum."
request_29,500.41,affordable_with_plan,full_payment,2025-11-04:51524,2025-11-04,reduce_to:event_2654:712.80,"Reduce the lunch with colleagues to ZAR 712.80, then pay ZAR 51,524 today. This leaves at least ZAR 28,300 available."
request_30,775.2,affordable_with_plan,installments,2026-04-06:268.74|2026-05-06:268.74|2026-06-05:268.74,2026-04-06,none,"Use 3 installments of USD 268.74, starting 6 April 2026. This leaves at least USD 900 available."
request_31,3406798.5,affordable_later,wait,2024-11-15:18164000,2024-11-15,none,"Pay IDR 18,164,000 in full on 15 November 2024. Paying earlier would take the balance below the IDR 16,588,900 minimum."
request_32,13000,affordable_later,wait,2025-04-15:40018,2025-04-15,none,"Pay ZAR 40,018 in full on 15 April 2025. Paying earlier would take the balance below the ZAR 35,700 minimum."
request_33,35974.79,affordable_later,wait,2026-03-15:118000,2026-03-15,none,"Pay INR 118,000 in full on 15 March 2026. Paying earlier would take the balance below the INR 102,100 minimum."
request_34,129400,affordable_now,full_payment,2024-12-04:129400,2024-12-04,none,"Pay INR 129,400 today. This leaves at least INR 138,500 available over the next 90 days."
request_35,27652.97,affordable_later,wait,2026-01-15:212000,2026-01-15,none,"Pay INR 212,000 in full on 15 January 2026. Paying earlier would take the balance below the INR 106,400 minimum."
request_36,562.73,affordable_later,wait,2026-09-15:3954,2026-09-15,none,"Pay USD 3,954 in full on 15 September 2026. Paying earlier would take the balance below the USD 2,400 minimum."
request_37,4298945.08,affordable_later,wait,2024-05-15:14649000,2024-05-15,none,"Pay IDR 14,649,000 in full on 15 May 2024. Paying earlier would take the balance below the IDR 17,056,200 minimum."
request_38,163.89,affordable_later,wait,2025-10-15:971.30,2025-10-15,none,Pay EUR 971.30 in full on 15 October 2025. Paying earlier would take the balance below the EUR 400 minimum.
request_39,55398.11,affordable_later,wait,2026-06-15:208600,2026-06-15,none,"Pay INR 208,600 in full on 15 June 2026. Paying earlier would take the balance below the INR 213,400 minimum."
request_40,355.73,affordable_later,wait,2024-08-15:1290.30,2024-08-15,none,"Pay EUR 1,290.30 in full on 15 August 2024. Paying earlier would take the balance below the EUR 1,500 minimum."
request_41,8221136.89,affordable_later,wait,2026-01-15:38760000,2026-01-15,none,"Pay IDR 38,760,000 in full on 15 January 2026. Paying earlier would take the balance below the IDR 25,366,600 minimum."
request_42,52100,affordable_now,full_payment,2026-01-05:52100,2026-01-05,none,"Pay INR 52,100 today. This leaves at least INR 113,100 available over the next 90 days."
request_43,8220847.87,affordable_later,wait,2024-11-15:43339000,2024-11-15,none,"Pay IDR 43,339,000 in full on 15 November 2024. Paying earlier would take the balance below the IDR 21,398,000 minimum."
request_44,29622.08,affordable_later,wait,2025-04-15:95800,2025-04-15,none,"Pay INR 95,800 in full on 15 April 2025. Paying earlier would take the balance below the INR 82,900 minimum."
request_45,3213739.1,affordable_later,wait,2026-09-15:21983000,2026-09-15,none,"Pay IDR 21,983,000 in full on 15 September 2026. Paying earlier would take the balance below the IDR 11,149,800 minimum."
request_46,37752.61,affordable_with_plan,partial_payment,2024-12-03:37752.61|2024-12-15:11697.39,2024-12-15,none,"Pay INR 37,752.61 today and the remaining INR 11,697.39 on 15 December 2024. This completes the full request and keeps the INR 84,000 minimum protected."
request_47,1844383.49,affordable_with_plan,full_payment,2025-05-05:38114000,2025-05-05,reduce_to:event_4402:770450,"Reduce the quick-service meal to IDR 770,450, then pay IDR 38,114,000 today. This leaves at least IDR 30,049,000 available."
request_48,45700,affordable_now,full_payment,2026-07-25:45700,2026-07-25,none,"Pay INR 45,700 today. This leaves at least INR 71,300 available over the next 90 days."
request_49,12352262,not_affordable,not_recommended,none,,none,"Do not make this payment by 22 May 2024. None of the available options keeps the IDR 20,275,700 minimum protected."
request_50,43900,affordable_now,full_payment,2025-08-06:43900,2025-08-06,none,"Pay INR 43,900 today. This leaves at least INR 99,700 available over the next 90 days."
request_51,2191000,affordable_now,full_payment,2026-01-03:2191000,2026-01-03,none,"Pay IDR 2,191,000 today. This leaves at least IDR 7,811,000 available over the next 90 days."
request_52,18793.11,affordable_later,wait,2024-06-15:28870,2024-06-15,none,"Pay INR 28,870 in full on 15 June 2024. Paying earlier would take the balance below the INR 41,500 minimum."
request_53,464.04,not_affordable,not_recommended,none,,none,"Do not make this payment by 20 January 2026. None of the available options keeps the USD 2,100 minimum protected."
request_54,1801.45,not_affordable,not_recommended,none,,none,"Do not make this payment by 21 August 2026. None of the available options keeps the ZAR 37,000 minimum protected."
request_55,122119.62,not_affordable,not_recommended,none,,none,"Do not make this payment by 22 August 2026. None of the available options keeps the INR 124,300 minimum protected."
request_56,609.16,affordable_with_plan,partial_payment,2025-02-03:609.16|2025-02-15:272.40,2025-02-15,none,"Pay USD 609.16 today and the remaining USD 272.40 on 15 February 2025. This completes the full request and keeps the USD 2,100 minimum protected."
request_57,12391.75,affordable_later,wait,2026-06-15:61446,2026-06-15,none,"Pay ZAR 61,446 in full on 15 June 2026. Paying earlier would take the balance below the ZAR 42,700 minimum."
request_58,16226000,affordable_now,full_payment,2024-12-07:16226000,2024-12-07,none,"Pay IDR 16,226,000 today. This leaves at least IDR 14,433,900 available over the next 90 days."
request_59,137303.86,affordable_with_plan,installments,2025-05-07:48741.33|2025-06-04:48741.33|2025-07-02:48741.33,2025-05-04,none,"Use 3 installments of INR 48,741.33, starting 7 May 2025. This leaves at least INR 132,600 available."
request_60,114.33,affordable_later,wait,2026-02-15:199.89,2026-02-15,none,Pay USD 199.89 in full on 15 February 2026. Paying earlier would take the balance below the USD 400 minimum.
request_61,29062,affordable_with_plan,installments,2024-03-17:10074.83|2024-04-17:10074.83|2024-05-18:10074.83,2024-03-03,none,"Use 3 installments of ZAR 10,074.83, starting 17 March 2024. This leaves at least ZAR 36,700 available."
request_62,404.23,affordable_now,full_payment,2025-08-05:404.23,2025-08-05,none,"Pay USD 404.23 today. This leaves at least USD 1,300 available over the next 90 days."
request_63,36332.76,not_affordable,not_recommended,none,,none,"Do not proceed with the INR 343,900 request. Although INR 36,332.76 is available today, the full amount cannot be completed safely within 90 days."
request_64,0,not_affordable,not_recommended,none,,none,"Do not make this payment by 16 August 2024. None of the available options keeps the INR 36,100 minimum protected."
request_65,5663.65,not_affordable,not_recommended,none,,none,"Do not proceed with the ZAR 54,340 request. Although ZAR 5,663.65 is available today, the full amount cannot be completed safely within 90 days."
request_66,22200,affordable_now,full_payment,2026-04-03:22200,2026-04-03,none,"Pay INR 22,200 today. This leaves at least INR 80,700 available over the next 90 days."
request_67,365.66,affordable_later,wait,2024-11-15:2094,2024-11-15,none,"Pay USD 2,094 in full on 15 November 2024. Paying earlier would take the balance below the USD 1,200 minimum."
request_68,1292.96,not_affordable,not_recommended,none,,none,"Do not make this payment by 16 April 2025. None of the available options keeps the USD 1,500 minimum protected."
request_69,507.37,affordable_with_plan,full_payment,2026-01-04:529.10,2026-01-04,stop:event_6405,"Stop the family streaming plan, then pay EUR 529.10 today. This leaves at least EUR 700 available."
request_70,49646.29,affordable_later,wait,2025-02-15:243900,2025-02-15,none,"Pay INR 243,900 in full on 15 February 2025. Paying earlier would take the balance below the INR 115,000 minimum."
request_71,173855.32,not_affordable,not_recommended,none,,none,"Do not make this payment by 28 May 2025. None of the available options keeps the IDR 8,884,800 minimum protected."
request_72,11233.85,affordable_with_plan,full_payment,2026-07-05:11330,,stop:event_6682,"Stop the music subscription, then pay ZAR 11,330 today. This leaves at least ZAR 12,200 available."
request_73,68851.1,not_affordable,not_recommended,none,,none,"Do not make this payment by 13 February 2023. None of the available options keeps the INR 103,200 minimum protected."
request_74,5010,affordable_now,full_payment,2025-08-04:5010,2025-08-04,none,"Pay ZAR 5,010 today. This leaves at least ZAR 21,900 available over the next 90 days."
request_75,12279.03,affordable_with_plan,installments,2026-04-09:9800.27|2026-05-09:9800.27|2026-06-08:9800.27,2026-04-06,none,"Use 3 installments of ZAR 9,800.27, starting 9 April 2026. This leaves at least ZAR 39,000 available."
request_76,694.7,not_affordable,not_recommended,none,,none,"Do not make this payment by 30 July 2024. None of the available options keeps the USD 1,800 minimum protected."
request_77,58684.97,not_affordable,not_recommended,none,,none,"Do not make this payment by 14 November 2025. None of the available options keeps the INR 82,200 minimum protected."
request_78,45332.12,not_affordable,not_recommended,none,,none,"Do not make this payment by 14 October 2025. None of the available options keeps the INR 55,200 minimum protected."
request_79,300.44,not_affordable,not_recommended,none,,none,"Do not proceed with the EUR 2,151.60 request. Although EUR 300.44 is available today, the full amount cannot be completed safely within 90 days."
request_80,110008.68,not_affordable,not_recommended,none,,none,"Do not make this payment by 21 February 2025. None of the available options keeps the INR 121,300 minimum protected."
request_81,2076,affordable_now,full_payment,2026-07-03:2076,2026-07-03,none,"Pay USD 2,076 today. This leaves at least USD 1,600 available over the next 90 days."
request_82,345.57,affordable_later,wait,2025-01-15:1405.20,2025-01-15,none,"Pay USD 1,405.20 in full on 15 January 2025. Paying earlier would take the balance below the USD 1,100 minimum."
request_83,6378.93,not_affordable,not_recommended,none,,none,"Do not make this payment by 17 June 2025. None of the available options keeps the INR 37,800 minimum protected."
request_84,20147.78,affordable_later,wait,2026-06-15:95400,2026-06-15,none,"Pay INR 95,400 in full on 15 June 2026. Paying earlier would take the balance below the INR 91,300 minimum."
request_85,323450.32,not_affordable,not_recommended,none,,none,"Do not make this payment by 26 April 2024. None of the available options keeps the IDR 6,396,300 minimum protected."
request_86,46300,affordable_with_plan,full_payment,2025-08-03:46300,2025-08-03,reduce_to:event_8084:2360,"Reduce the online retail purchases to INR 2,360, then pay INR 46,300 today. This leaves at least INR 84,900 available."
request_87,15199.74,not_affordable,not_recommended,none,,none,"Do not make this payment by 15 March 2026. None of the available options keeps the INR 185,900 minimum protected."
request_88,10735.77,affordable_with_plan,installments,2024-06-14:9045.23|2024-07-15:9045.23|2024-08-15:9045.23,2024-07-15,none,"Use 3 installments of ZAR 9,045.23, starting 14 June 2024. This leaves at least ZAR 25,800 available."
request_89,9270662.21,not_affordable,not_recommended,none,,none,"Do not make this payment by 15 January 2026. None of the available options keeps the IDR 12,534,700 minimum protected."
request_90,2560,affordable_now,full_payment,2026-07-06:2560,2026-07-06,none,"Pay ZAR 2,560 today. This leaves at least ZAR 7,600 available over the next 90 days."
request_91,407.58,affordable_later,wait,2024-11-15:1927.20,2024-11-15,none,"Pay EUR 1,927.20 in full on 15 November 2024. Paying earlier would take the balance below the EUR 2,100 minimum."
request_92,34034,affordable_with_plan,full_payment,2025-02-05:34034,2025-02-05,reduce_to:event_8620:558.80,"Reduce the local event tickets to ZAR 558.80, then pay ZAR 34,034 today. This leaves at least ZAR 28,100 available."
request_93,1729.2,affordable_now,full_payment,2026-04-07:1729.20,2026-04-07,none,"Pay USD 1,729.20 today. This leaves at least USD 1,900 available over the next 90 days."
request_94,572,affordable_now,full_payment,2024-12-04:572,2024-12-04,none,Pay EUR 572 today. This leaves at least EUR 600 available over the next 90 days.
request_95,10882.86,not_affordable,not_recommended,none,,none,"Do not make this payment by 14 July 2025. None of the available options keeps the INR 145,500 minimum protected."
request_96,72400.3,not_affordable,not_recommended,none,,none,"Do not make this payment by 12 March 2026. None of the available options keeps the INR 56,500 minimum protected."
request_97,1472.8,affordable_with_plan,installments,2024-03-19:8145.28|2024-04-19:8145.28|2024-05-20:8145.28,2024-04-15,none,"Use 3 installments of ZAR 8,145.28, starting 19 March 2024. This leaves at least ZAR 29,700 available."
request_98,7186.48,affordable_later,wait,2025-10-15:27148,2025-10-15,none,"Pay ZAR 27,148 in full on 15 October 2025. Paying earlier would take the balance below the ZAR 30,000 minimum."
request_99,16475.64,affordable_with_plan,full_payment,2026-07-04:18062,,reduce_to:event_9188:525.80|reduce_to:event_9227:1065.90,"Reduce the family streaming plan to ZAR 525.80 and reduce the bakery and snacks to ZAR 1,065.90, then pay ZAR 18,062 today. This leaves at least ZAR 49,100 available."
request_100,25084.18,not_affordable,not_recommended,none,,none,"Do not make this payment by 16 August 2024. None of the available options keeps the ZAR 32,500 minimum protected."
request_101,143500,affordable_with_plan,full_payment,2025-11-03:143500,2025-11-03,stop:event_9378|reduce_to:event_9377:2660,"Stop the online backup subscription and reduce the monthly entertainment spend to INR 2,660, then pay INR 143,500 today. This leaves at least INR 187,400 available."
request_102,1716,affordable_with_plan,installments,2026-04-05:594.88|2026-05-05:594.88|2026-06-04:594.88,2026-04-05,none,"Use 3 installments of EUR 594.88, starting 5 April 2026. This leaves at least EUR 900 available."
request_103,7623.86,not_affordable,not_recommended,none,,none,"Do not make this payment by 7 October 2024. None of the available options keeps the INR 125,500 minimum protected."
request_104,17204,affordable_now,full_payment,2025-02-04:17204,2025-02-04,none,"Pay ZAR 17,204 today. This leaves at least ZAR 24,700 available over the next 90 days."
request_105,53500,affordable_with_plan,full_payment,2026-06-08:53500,2026-06-08,reduce_to:event_9720:1632,"Reduce the household shopping to INR 1,632, then pay INR 53,500 today. This leaves at least INR 73,900 available."
request_106,457.88,affordable_later,wait,2025-02-15:2207.70,2025-02-15,none,"Pay EUR 2,207.70 in full on 15 February 2025. Paying earlier would take the balance below the EUR 1,200 minimum."
request_107,2475.68,affordable_with_plan,installments,2025-05-08:878.59|2025-06-05:878.59|2025-07-03:878.59,2025-06-15,none,"Use 3 installments of EUR 878.59, starting 8 May 2025. This leaves at least EUR 1,600 available."
request_108,1613.83,not_affordable,not_recommended,none,,none,"Do not make this payment by 26 July 2026. None of the available options keeps the ZAR 24,100 minimum protected."
request_109,519.22,not_affordable,not_recommended,none,,none,"Do not make this payment by 26 May 2024. None of the available options keeps the EUR 1,700 minimum protected."
request_110,22352,affordable_with_plan,installments,2025-08-06:7748.69|2025-09-03:7748.69|2025-10-01:7748.69,2025-08-06,none,"Use 3 installments of ZAR 7,748.69, starting 6 August 2025. This leaves at least ZAR 11,200 available."
request_111,16625000,affordable_now,full_payment,2026-04-03:16625000,2026-04-03,none,"Pay IDR 16,625,000 today. This leaves at least IDR 23,022,800 available over the next 90 days."
request_112,271.7,affordable_now,full_payment,2024-06-05:271.70,2024-06-05,none,Pay EUR 271.70 today. This leaves at least EUR 500 available over the next 90 days.
request_113,23162.17,affordable_later,wait,2026-10-15:36500,2026-10-15,none,"Pay INR 36,500 in full on 15 October 2026. Paying earlier would take the balance below the INR 82,300 minimum."
request_114,58111.32,not_affordable,not_recommended,none,,none,"Do not make this payment by 14 January 2026. None of the available options keeps the INR 113,400 minimum protected."
request_115,14307.43,affordable_later,wait,2024-11-15:80500,2024-11-15,none,"Pay INR 80,500 in full on 15 November 2024. Paying earlier would take the balance below the INR 38,800 minimum."
request_116,8457.93,not_affordable,not_recommended,none,,none,"Do not make this payment by 16 April 2025. None of the available options keeps the INR 80,300 minimum protected."
request_117,840.58,affordable_with_plan,full_payment,2026-07-05:880,,reduce_to:event_10833:11|reduce_to:event_10869:20.50|reduce_to:event_10873:20.50,"Reduce the family streaming plan to EUR 11, reduce the quick-service meal to EUR 20.50 and reduce the neighbourhood restaurant to EUR 20.50, then pay EUR 880 today. This leaves at least EUR 1,000 available."
request_118,661.08,affordable_with_plan,installments,2024-12-07:255.87|2025-01-07:255.87|2025-02-07:255.87,2024-12-15,none,"Use 3 installments of EUR 255.87, starting 7 December 2024. This leaves at least EUR 600 available."
request_119,58294.5,not_affordable,not_recommended,none,,none,"Do not make this payment by 17 July 2025. None of the available options keeps the INR 151,200 minimum protected."
request_120,7714000,affordable_with_plan,full_payment,2026-04-06:7714000,2026-04-06,reduce_to:event_11086:315400,"Reduce the video streaming plan to IDR 315,400, then pay IDR 7,714,000 today. This leaves at least IDR 20,050,300 available."
request_121,633.6,affordable_now,full_payment,2024-03-03:633.60,2024-03-03,none,Pay USD 633.60 today. This leaves at least USD 800 available over the next 90 days.
request_122,20558000,affordable_with_plan,installments,2025-08-05:7126773.33|2025-09-02:7126773.33|2025-09-30:7126773.33,2025-08-05,none,"Use 3 installments of IDR 7,126,773.33, starting 5 August 2025. This leaves at least IDR 12,588,500 available."
request_123,0,not_affordable,not_recommended,none,,none,"Do not make this payment by 28 March 2026. None of the available options keeps the IDR 18,091,200 minimum protected."
request_124,1376.94,not_affordable,not_recommended,none,,none,"Do not make this payment by 20 August 2024. None of the available options keeps the EUR 1,600 minimum protected."
request_125,6008.09,affordable_with_plan,full_payment,2025-11-06:6468,,stop:event_11519|reduce_to:event_11582:223.30|reduce_to:event_11595:223.30,"Stop the cloud storage plan, reduce the takeaway order to ZAR 223.30 and reduce the neighbourhood restaurant to ZAR 223.30, then pay ZAR 6,468 today. This leaves at least ZAR 11,300 available."
request_126,159600,affordable_now,full_payment,2026-07-03:159600,2026-07-03,none,"Pay INR 159,600 today. This leaves at least INR 129,700 available over the next 90 days."
request_127,9071.13,affordable_later,wait,2024-10-15:23980,2024-10-15,none,"Pay ZAR 23,980 in full on 15 October 2024. Paying earlier would take the balance below the ZAR 41,000 minimum."
request_128,25168,affordable_with_plan,full_payment,2025-02-07:25168,2025-02-07,reduce_to:event_11812:1058.20,"Reduce the cinema and events to ZAR 1,058.20, then pay ZAR 25,168 today. This leaves at least ZAR 42,600 available."
request_129,101.66,not_affordable,not_recommended,none,,none,Do not make this payment by 18 June 2026. None of the available options keeps the USD 800 minimum protected.
request_130,427.99,affordable_later,wait,2025-02-15:1978.80,2025-02-15,none,"Pay USD 1,978.80 in full on 15 February 2025. Paying earlier would take the balance below the USD 1,400 minimum."
request_131,1177.58,affordable_with_plan,installments,2025-05-06:643.14|2025-06-03:643.14|2025-07-01:643.14,2025-06-23,none,"Use 3 installments of USD 643.14, starting 6 May 2025. This leaves at least USD 1,100 available."
request_132,248.42,affordable_later,wait,2026-02-15:379.86,2026-02-15,none,"Pay USD 379.86 in full on 15 February 2026. Paying earlier would take the balance below the USD 1,100 minimum."
request_133,0,not_affordable,not_recommended,none,,none,"Do not make this payment by 29 March 2024. None of the available options keeps the IDR 9,986,200 minimum protected."
request_134,4794747.86,affordable_later,wait,2025-10-15:21831000,2025-10-15,none,"Pay IDR 21,831,000 in full on 15 October 2025. Paying earlier would take the balance below the IDR 15,902,500 minimum."
request_135,263.15,not_affordable,not_recommended,none,,none,Do not make this payment by 14 July 2026. None of the available options keeps the USD 500 minimum protected.
request_136,510.69,not_affordable,not_recommended,none,,none,"Do not proceed with the USD 560.40 request. Although USD 510.69 is available today, the full amount cannot be completed safely within 90 days."
request_137,19756.8,affordable_later,wait,2026-01-15:80100,2026-01-15,none,"Pay INR 80,100 in full on 15 January 2026. Paying earlier would take the balance below the INR 71,800 minimum."
request_138,862.3,affordable_with_plan,partial_payment,2026-04-07:862.30|2026-04-15:394.64,2026-04-15,none,"Pay EUR 862.30 today and the remaining EUR 394.64 on 15 April 2026. This completes the full request and keeps the EUR 2,300 minimum protected."
request_139,1404.08,not_affordable,not_recommended,none,,none,"Do not make this payment by 17 November 2024. None of the available options keeps the USD 1,500 minimum protected."
request_140,1428.81,not_affordable,not_recommended,none,,none,"Do not make this payment by 4 March 2025. None of the available options keeps the ZAR 21,600 minimum protected."
request_141,20388.89,not_affordable,not_recommended,none,,none,"Do not proceed with the INR 171,600 request. Although INR 20,388.89 is available today, the full amount cannot be completed safely within 90 days."
request_142,1263.6,affordable_now,full_payment,2024-12-05:1263.60,2024-12-05,none,"Pay USD 1,263.60 today. This leaves at least USD 1,700 available over the next 90 days."
request_143,3012.71,affordable_later,wait,2025-07-15:12584,2025-07-15,none,"Pay ZAR 12,584 in full on 15 July 2025. Paying earlier would take the balance below the ZAR 11,300 minimum."
request_144,217.93,affordable_with_plan,full_payment,2026-07-04:233.34,2026-07-04,reduce_to:event_13306:17.50,"Reduce the neighbourhood restaurant to USD 17.50, then pay USD 233.34 today. This leaves at least USD 600 available."
request_145,24592.99,affordable_with_plan,installments,2024-03-20:75365.33|2024-04-20:75365.33|2024-05-21:75365.33,2024-04-15,none,"Use 3 installments of INR 75,365.33, starting 20 March 2024. This leaves at least INR 155,400 available."
request_146,14193.76,not_affordable,not_recommended,none,,none,"Do not make this payment by 17 October 2025. None of the available options keeps the INR 108,600 minimum protected."
request_147,462.76,affordable_with_plan,installments,2026-04-08:391.63|2026-05-08:391.63|2026-06-07:391.63,2026-05-15,none,"Use 3 installments of EUR 391.63, starting 8 April 2026. This leaves at least EUR 900 available."
request_148,7072.7,not_affordable,not_recommended,none,,none,"Do not make this payment by 18 August 2024. None of the available options keeps the ZAR 20,000 minimum protected."
request_149,21710.01,not_affordable,not_recommended,none,,none,"Do not make this payment by 19 January 2026. None of the available options keeps the ZAR 42,100 minimum protected."
request_150,266.99,not_affordable,not_recommended,none,,none,Do not make this payment by 16 March 2026. None of the available options keeps the EUR 700 minimum protected.
request_151,26999000,affordable_now,full_payment,2024-09-03:26999000,2024-09-03,none,"Pay IDR 26,999,000 today. This leaves at least IDR 31,633,600 available over the next 90 days."
request_152,11005.55,not_affordable,not_recommended,none,,none,"Do not make this payment by 13 April 2025. None of the available options keeps the ZAR 11,900 minimum protected."
request_153,54.92,not_affordable,not_recommended,none,,none,"Do not make this payment by 24 September 2026. None of the available options keeps the USD 1,400 minimum protected."
request_154,1625.8,affordable_with_plan,installments,2024-12-04:563.61|2025-01-04:563.61|2025-02-04:563.61,2024-12-04,none,"Use 3 installments of EUR 563.61, starting 4 December 2024. This leaves at least EUR 1,300 available."
request_155,112500,affordable_now,full_payment,2025-05-06:112500,2025-05-06,none,"Pay INR 112,500 today. This leaves at least INR 56,300 available over the next 90 days."
request_156,9895.08,affordable_later,wait,2026-06-15:43076,2026-06-15,none,"Pay ZAR 43,076 in full on 15 June 2026. Paying earlier would take the balance below the ZAR 26,900 minimum."
request_157,4658049.89,affordable_later,wait,2024-05-15:23503000,2024-05-15,none,"Pay IDR 23,503,000 in full on 15 May 2024. Paying earlier would take the balance below the IDR 15,714,100 minimum."
request_158,242600,affordable_with_plan,installments,2025-08-07:84101.33|2025-09-04:84101.33|2025-10-02:84101.33,2025-08-07,none,"Use 3 installments of INR 84,101.33, starting 7 August 2025. This leaves at least INR 131,400 available."
request_159,0,not_affordable,not_recommended,none,,none,"Do not make this payment by 20 March 2026. None of the available options keeps the ZAR 8,700 minimum protected."
request_160,569.52,affordable_with_plan,installments,2024-06-13:432.05|2024-07-14:432.05|2024-08-14:432.05,2024-07-15,none,"Use 3 installments of EUR 432.05, starting 13 June 2024. This leaves at least EUR 1,200 available."
request_161,6738656.09,affordable_later,wait,2026-01-15:21204000,2026-01-15,none,"Pay IDR 21,204,000 in full on 15 January 2026. Paying earlier would take the balance below the IDR 23,010,400 minimum."
request_162,1143235.05,not_affordable,not_recommended,none,,none,"Do not make this payment by 26 August 2026. None of the available options keeps the IDR 24,161,100 minimum protected."
request_163,9796628.29,affordable_with_plan,installments,2024-09-10:6692053.33|2024-10-11:6692053.33|2024-11-11:6692053.33,2024-09-15,none,"Use 3 installments of IDR 6,692,053.33, starting 10 September 2024. This leaves at least IDR 26,728,700 available."
request_164,27018000,affordable_with_plan,installments,2025-02-11:9366240|2025-03-11:9366240|2025-04-08:9366240,2025-02-04,none,"Use 3 installments of IDR 9,366,240, starting 11 February 2025. This leaves at least IDR 29,550,500 available."
request_165,65886.8,affordable_with_plan,full_payment,2026-04-06:80600,2026-04-06,reduce_to:event_15169:1875,"Reduce the bakery and snacks to INR 1,875, then pay INR 80,600 today. This leaves at least INR 95,000 available."
request_166,2907.6,affordable_with_plan,installments,2024-12-03:1007.97|2025-01-03:1007.97|2025-02-03:1007.97,2024-12-03,none,"Use 3 installments of USD 1,007.97, starting 3 December 2024. This leaves at least USD 1,700 available."
request_167,43802,affordable_now,full_payment,2025-05-05:43802,2025-05-05,none,"Pay ZAR 43,802 today. This leaves at least ZAR 31,200 available over the next 90 days."
request_168,29257.14,affordable_with_plan,partial_payment,2026-01-07:29257.14|2026-02-15:20122.86,2026-02-15,none,"Pay INR 29,257.14 today and the remaining INR 20,122.86 on 15 February 2026. This completes the full request and keeps the INR 114,400 minimum protected."
request_169,41976,affordable_now,full_payment,2024-03-04:41976,2024-03-04,none,"Pay ZAR 41,976 today. This leaves at least ZAR 18,700 available over the next 90 days."
request_170,30399479.16,affordable_with_plan,installments,2025-08-06:12804480|2025-09-03:12804480|2025-10-01:12804480,2025-09-15,none,"Use 3 installments of IDR 12,804,480, starting 6 August 2025. This leaves at least IDR 24,715,800 available."
request_171,27.59,not_affordable,not_recommended,none,,none,Do not make this payment by 10 September 2026. None of the available options keeps the EUR 500 minimum protected.
request_172,8764.42,affordable_with_plan,partial_payment,2024-06-05:8764.42|2024-06-15:1435.58,2024-06-15,none,"Pay ZAR 8,764.42 today and the remaining ZAR 1,435.58 on 15 June 2024. This completes the full request and keeps the ZAR 27,200 minimum protected."
request_173,59219.46,affordable_with_plan,installments,2025-11-21:39173.33|2025-12-19:39173.33|2026-01-16:39173.33,2026-01-15,none,"Use 3 installments of INR 39,173.33, starting 21 November 2025. This leaves at least INR 79,100 available."
request_174,1054.55,affordable_with_plan,installments,2026-04-04:397.35|2026-05-04:397.35|2026-06-03:397.35,2026-04-04,none,"Use 3 installments of EUR 397.35, starting 4 April 2026. This leaves at least EUR 700 available."
request_175,2346.3,affordable_now,full_payment,2024-09-06:2346.30,2024-09-06,none,"Pay EUR 2,346.30 today. This leaves at least EUR 1,700 available over the next 90 days."
request_176,356.91,not_affordable,not_recommended,none,,none,Do not make this payment by 27 February 2025. None of the available options keeps the EUR 600 minimum protected.
request_177,1017.6,affordable_now,full_payment,2026-01-05:1017.60,2026-01-05,none,"Pay USD 1,017.60 today. This leaves at least USD 1,300 available over the next 90 days."
request_178,2938.1,affordable_with_plan,installments,2024-12-07:1018.54|2025-01-07:1018.54|2025-02-07:1018.54,2024-12-07,none,"Use 3 installments of EUR 1,018.54, starting 7 December 2024. This leaves at least EUR 1,400 available."
request_179,8360525.7,affordable_later,wait,2025-07-15:41648000,2025-07-15,none,"Pay IDR 41,648,000 in full on 15 July 2025. Paying earlier would take the balance below the IDR 41,430,800 minimum."
request_180,66500,affordable_now,full_payment,2026-07-06:66500,2026-07-06,none,"Pay INR 66,500 today. This leaves at least INR 37,300 available over the next 90 days."
request_181,260.37,not_affordable,not_recommended,none,,none,"Do not make this payment by 7 April 2024. None of the available options keeps the USD 2,000 minimum protected."
request_182,65714,affordable_now,full_payment,2025-08-05:65714,2025-08-05,none,"Pay ZAR 65,714 today. This leaves at least ZAR 31,100 available over the next 90 days."
request_183,22807947.87,not_affordable,not_recommended,none,,none,"Do not make this payment by 18 June 2026. None of the available options keeps the IDR 11,878,300 minimum protected."
request_184,5835.38,not_affordable,not_recommended,none,,none,"Do not make this payment by 30 July 2024. None of the available options keeps the INR 110,800 minimum protected."
request_185,296.66,affordable_later,wait,2026-01-15:1257.30,2026-01-15,none,"Pay EUR 1,257.30 in full on 15 January 2026. Paying earlier would take the balance below the EUR 1,300 minimum."
request_186,4648.88,affordable_later,wait,2026-03-15:26554,2026-03-15,none,"Pay ZAR 26,554 in full on 15 March 2026. Paying earlier would take the balance below the ZAR 22,000 minimum."
request_187,37508.61,affordable_later,wait,2024-11-15:187500,2024-11-15,none,"Pay INR 187,500 in full on 15 November 2024. Paying earlier would take the balance below the INR 128,300 minimum."
request_188,102.94,not_affordable,not_recommended,none,,none,Do not make this payment by 4 March 2025. None of the available options keeps the EUR 900 minimum protected.
request_189,488.4,affordable_now,full_payment,2026-07-04:488.40,2026-07-04,none,Pay EUR 488.40 today. This leaves at least EUR 400 available over the next 90 days.
request_190,534.25,affordable_later,wait,2025-02-15:2557.50,2025-02-15,none,"Pay EUR 2,557.50 in full on 15 February 2025. Paying earlier would take the balance below the EUR 1,600 minimum."
request_191,664.4,affordable_now,full_payment,2025-05-03:664.40,2025-05-03,none,Pay EUR 664.40 today. This leaves at least EUR 500 available over the next 90 days.
request_192,154.72,not_affordable,not_recommended,none,,none,"Do not make this payment by 11 May 2026. None of the available options keeps the USD 1,000 minimum protected."
request_193,32.19,affordable_with_plan,installments,2024-03-21:420.23|2024-04-21:420.23|2024-05-22:420.23,2024-05-15,none,"Use 3 installments of EUR 420.23, starting 21 March 2024. This leaves at least EUR 1,000 available."
request_194,31533.32,affordable_later,wait,2025-10-23:132800,2025-10-23,none,"Pay INR 132,800 in full on 23 October 2025. Paying earlier would take the balance below the INR 113,600 minimum."
request_195,958.21,affordable_with_plan,installments,2026-01-09:405.74|2026-02-08:405.74|2026-03-10:405.74,2026-02-15,none,"Use 3 installments of EUR 405.74, starting 9 January 2026. This leaves at least EUR 700 available."
request_196,762.3,affordable_now,full_payment,2024-06-03:762.30,2024-06-03,none,Pay EUR 762.30 today. This leaves at least EUR 500 available over the next 90 days.
request_197,0,not_affordable,not_recommended,none,,none,"Do not make this payment by 21 January 2026. None of the available options keeps the IDR 26,245,900 minimum protected."
request_198,185800,affordable_now,full_payment,2026-07-07:185800,2026-07-07,none,"Pay INR 185,800 today. This leaves at least INR 124,300 available over the next 90 days."
request_199,23674000,affordable_with_plan,installments,2024-09-07:8206986.67|2024-10-08:8206986.67|2024-11-08:8206986.67,2024-09-04,none,"Use 3 installments of IDR 8,206,986.67, starting 7 September 2024. This leaves at least IDR 25,359,500 available."
request_200,21717000,affordable_now,full_payment,2025-02-06:21717000,2025-02-06,none,"Pay IDR 21,717,000 today. This leaves at least IDR 20,114,600 available over the next 90 days."
request_201,22690716.37,affordable_with_plan,full_payment,2026-04-03:23997000,2026-04-03,stop:event_18492,"Stop the cloud storage plan, then pay IDR 23,997,000 today. This leaves at least IDR 17,304,500 available."
request_202,123900,affordable_now,full_payment,2024-12-05:123900,2024-12-05,none,"Pay INR 123,900 today. This leaves at least INR 147,800 available over the next 90 days."
request_203,1442.1,affordable_with_plan,installments,2025-05-10:499.93|2025-06-07:499.93|2025-07-05:499.93,2025-05-07,none,"Use 3 installments of EUR 499.93, starting 10 May 2025. This leaves at least EUR 1,400 available."
request_204,561.13,affordable_later,wait,2026-01-15:588.74,2026-01-15,none,"Pay EUR 588.74 in full on 15 January 2026. Paying earlier would take the balance below the EUR 1,300 minimum."
request_205,10621000,affordable_now,full_payment,2024-03-06:10621000,2024-03-06,none,"Pay IDR 10,621,000 today. This leaves at least IDR 13,994,300 available over the next 90 days."
request_206,1404.7,affordable_with_plan,installments,2025-08-03:486.96|2025-08-31:486.96|2025-09-28:486.96,2025-08-03,none,"Use 3 installments of EUR 486.96, starting 3 August 2025. This leaves at least EUR 900 available."
request_207,4315.86,affordable_later,wait,2026-07-15:11830,2026-07-15,none,"Pay ZAR 11,830 in full on 15 July 2026. Paying earlier would take the balance below the ZAR 13,600 minimum."
request_208,2992860.25,affordable_later,wait,2024-06-15:4413000,2024-06-15,none,"Pay IDR 4,413,000 in full on 15 June 2024. Paying earlier would take the balance below the IDR 10,470,700 minimum."
request_209,1405.99,not_affordable,not_recommended,none,,none,"Do not make this payment by 25 November 2025. None of the available options keeps the ZAR 18,400 minimum protected."
request_210,949.73,affordable_with_plan,partial_payment,2026-04-06:949.73|2026-04-15:410.29,2026-04-15,none,"Pay USD 949.73 today and the remaining USD 410.29 on 15 April 2026. This completes the full request and keeps the USD 2,000 minimum protected."
request_211,317.41,affordable_later,wait,2024-11-15:1788.60,2024-11-15,none,"Pay EUR 1,788.60 in full on 15 November 2024. Paying earlier would take the balance below the EUR 1,500 minimum."
request_212,3654308.81,not_affordable,not_recommended,none,,none,"Do not make this payment by 28 February 2025. None of the available options keeps the IDR 29,579,800 minimum protected."
request_213,2381.45,affordable_with_plan,installments,2026-01-21:1165.63|2026-02-20:1165.63|2026-03-22:1165.63,2026-01-07,none,"Use 3 installments of USD 1,165.63, starting 21 January 2026. This leaves at least USD 2,100 available."
request_214,44256.19,affordable_with_plan,partial_payment,2024-12-04:44256.19|2024-12-15:25493.81,2024-12-15,none,"Pay INR 44,256.19 today and the remaining INR 25,493.81 on 15 December 2024. This completes the full request and keeps the INR 174,900 minimum protected."
request_215,27235.24,affordable_with_plan,installments,2025-05-09:10395.15|2025-06-06:10395.15|2025-07-04:10395.15,2025-05-06,none,"Use 3 installments of ZAR 10,395.15, starting 9 May 2025. This leaves at least ZAR 15,700 available."
request_216,458.61,affordable_later,wait,2026-09-15:3332.40,2026-09-15,none,"Pay USD 3,332.40 in full on 15 September 2026. Paying earlier would take the balance below the USD 1,800 minimum."
request_217,19203.75,not_affordable,not_recommended,none,,none,"Do not make this payment by 21 May 2024. None of the available options keeps the ZAR 26,800 minimum protected."
request_218,24337707.14,affordable_with_plan,installments,2025-08-07:21195893.33|2025-09-04:21195893.33|2025-10-02:21195893.33,2025-09-15,none,"Use 3 installments of IDR 21,195,893.33, starting 7 August 2025. This leaves at least IDR 34,477,200 available."
request_219,700.48,affordable_with_plan,installments,2026-04-07:580.01|2026-05-07:580.01|2026-06-06:580.01,2026-05-15,none,"Use 3 installments of EUR 580.01, starting 7 April 2026. This leaves at least EUR 1,100 available."
request_220,67.17,not_affordable,not_recommended,none,,none,"Do not make this payment by 3 July 2024. None of the available options keeps the EUR 1,100 minimum protected."
request_221,109800,affordable_now,full_payment,2025-11-03:109800,2025-11-03,none,"Pay INR 109,800 today. This leaves at least INR 81,500 available over the next 90 days."
request_222,34078,affordable_now,full_payment,2026-01-05:34078,2026-01-05,none,"Pay ZAR 34,078 today. This leaves at least ZAR 27,300 available over the next 90 days."
request_223,898.7,affordable_now,full_payment,2024-09-07:898.70,2024-09-07,none,Pay EUR 898.70 today. This leaves at least EUR 800 available over the next 90 days.
request_224,9883326.09,affordable_with_plan,partial_payment,2025-02-04:9883326.09|2025-02-15:443673.91,2025-02-15,none,"Pay IDR 9,883,326.09 today and the remaining IDR 443,673.91 on 15 February 2025. This completes the full request and keeps the IDR 22,187,600 minimum protected."
request_225,9401217.05,not_affordable,not_recommended,none,,none,"Do not make this payment by 21 September 2026. None of the available options keeps the IDR 17,670,700 minimum protected."
request_226,157000,affordable_now,full_payment,2024-12-03:157000,2024-12-03,none,"Pay INR 157,000 today. This leaves at least INR 209,400 available over the next 90 days."
request_227,7109.1,not_affordable,not_recommended,none,,none,"Do not make this payment by 20 June 2025. None of the available options keeps the INR 62,900 minimum protected."
request_228,1601201.62,not_affordable,not_recommended,none,,none,"Do not make this payment by 30 April 2026. None of the available options keeps the IDR 26,191,200 minimum protected."
request_229,409.79,not_affordable,not_recommended,none,,none,"Do not make this payment by 23 May 2024. None of the available options keeps the EUR 1,000 minimum protected."
request_230,3537.6,affordable_now,full_payment,2025-08-06:3537.60,2025-08-06,none,"Pay EUR 3,537.60 today. This leaves at least EUR 2,000 available over the next 90 days."
request_231,30356.26,not_affordable,not_recommended,none,,none,"Do not make this payment by 17 March 2026. None of the available options keeps the ZAR 24,300 minimum protected."
request_232,591.43,affordable_later,wait,2024-08-15:1970.10,2024-08-15,none,"Pay EUR 1,970.10 in full on 15 August 2024. Paying earlier would take the balance below the EUR 2,400 minimum."
request_233,3738334.08,affordable_with_plan,partial_payment,2025-11-07:3738334.08|2025-11-15:2502665.92,2025-11-15,none,"Pay IDR 3,738,334.08 today and the remaining IDR 2,502,665.92 on 15 November 2025. This completes the full request and keeps the IDR 10,365,700 minimum protected."
request_234,223.65,affordable_later,wait,2026-09-15:1213.30,2026-09-15,none,"Pay EUR 1,213.30 in full on 15 September 2026. Paying earlier would take the balance below the EUR 700 minimum."
request_235,967.2,affordable_now,full_payment,2024-09-06:967.20,2024-09-06,none,Pay USD 967.20 today. This leaves at least USD 700 available over the next 90 days.
request_236,5456160.2,not_affordable,not_recommended,none,,none,"Do not proceed with the IDR 52,383,000 request. Although IDR 5,456,160.20 is available today, the full amount cannot be completed safely within 90 days."
request_237,21314445.1,affordable_with_plan,full_payment,2026-04-05:23826000,2026-04-05,reduce_to:event_21812:382850,"Reduce the family streaming plan to IDR 382,850, then pay IDR 23,826,000 today. This leaves at least IDR 22,431,500 available."
request_238,663.6,affordable_with_plan,installments,2024-12-07:230.05|2025-01-07:230.05|2025-02-07:230.05,2024-12-07,none,"Use 3 installments of USD 230.05, starting 7 December 2024. This leaves at least USD 700 available."
request_239,642,affordable_now,full_payment,2025-05-04:642,2025-05-04,none,Pay USD 642 today. This leaves at least USD 600 available over the next 90 days.
request_240,13746.71,not_affordable,not_recommended,none,,none,"Do not proceed with the INR 101,200 request. Although INR 13,746.71 is available today, the full amount cannot be completed safely within 90 days."
request_241,21052000,affordable_with_plan,installments,2024-03-17:7298026.67|2024-04-17:7298026.67|2024-05-18:7298026.67,2024-03-03,none,"Use 3 installments of IDR 7,298,026.67, starting 17 March 2024. This leaves at least IDR 19,252,000 available."
request_242,41.92,not_affordable,not_recommended,none,,none,Do not make this payment by 25 August 2025. None of the available options keeps the EUR 600 minimum protected.
request_243,17468,affordable_now,full_payment,2026-07-07:17468,2026-07-07,none,"Pay ZAR 17,468 today. This leaves at least ZAR 19,900 available over the next 90 days."
request_244,49918,affordable_now,full_payment,2024-06-04:49918,2024-06-04,none,"Pay ZAR 49,918 today. This leaves at least ZAR 45,900 available over the next 90 days."
request_245,26787.91,affordable_later,wait,2026-01-15:128500,2026-01-15,none,"Pay INR 128,500 in full on 15 January 2026. Paying earlier would take the balance below the INR 94,600 minimum."
request_246,64086,affordable_with_plan,installments,2026-04-03:22216.48|2026-05-03:22216.48|2026-06-02:22216.48,2026-04-03,none,"Use 3 installments of ZAR 22,216.48, starting 3 April 2026. This leaves at least ZAR 39,300 available."
request_247,1059.3,affordable_now,full_payment,2024-09-05:1059.30,2024-09-05,none,"Pay EUR 1,059.30 today. This leaves at least EUR 1,300 available over the next 90 days."
request_248,929.42,affordable_with_plan,partial_payment,2025-02-07:929.42|2025-04-15:1036.18,2025-04-15,none,"Pay USD 929.42 today and the remaining USD 1,036.18 on 15 April 2025. This completes the full request and keeps the USD 1,300 minimum protected."
request_249,136.91,affordable_later,wait,2026-03-15:643.20,2026-03-15,none,Pay USD 643.20 in full on 15 March 2026. Paying earlier would take the balance below the USD 600 minimum.
request_250,15139.53,not_affordable,not_recommended,none,,none,"Do not proceed with the ZAR 124,278 request. Although ZAR 15,139.53 is available today, the full amount cannot be completed safely within 90 days."
request_251,1513.6,not_affordable,not_recommended,none,,none,"Do not make this payment by 6 June 2025. None of the available options keeps the EUR 1,300 minimum protected."
request_252,4735364.3,affordable_later,wait,2026-09-15:28082000,2026-09-15,none,"Pay IDR 28,082,000 in full on 15 September 2026. Paying earlier would take the balance below the IDR 15,152,200 minimum."
request_253,1336.84,not_affordable,not_recommended,none,,none,"Do not make this payment by 1 June 2024. None of the available options keeps the EUR 2,300 minimum protected."
request_254,620.2,affordable_later,wait,2025-10-15:3535.20,2025-10-15,none,"Pay USD 3,535.20 in full on 15 October 2025. Paying earlier would take the balance below the USD 2,500 minimum."
request_255,353250.91,not_affordable,not_recommended,none,,none,"Do not proceed with the IDR 3,345,000 request. Although IDR 353,250.91 is available today, the full amount cannot be completed safely within 90 days."
request_256,151665.22,affordable_with_plan,installments,2024-06-10:75816|2024-07-11:75816|2024-08-11:75816,2024-07-15,none,"Use 3 installments of INR 75,816, starting 10 June 2024. This leaves at least INR 168,600 available."
request_257,375.74,affordable_later,wait,2026-01-15:1352.40,2026-01-15,none,"Pay USD 1,352.40 in full on 15 January 2026. Paying earlier would take the balance below the USD 1,600 minimum."
request_258,1113.6,affordable_now,full_payment,2026-01-07:1113.60,2026-01-07,none,"Pay USD 1,113.60 today. This leaves at least USD 500 available over the next 90 days."
request_259,253.01,affordable_later,wait,2024-11-15:935,2024-11-15,none,Pay EUR 935 in full on 15 November 2024. Paying earlier would take the balance below the EUR 600 minimum.
request_260,6191219.24,not_affordable,not_recommended,none,,none,"Do not proceed with the IDR 52,079,000 request. Although IDR 6,191,219.24 is available today, the full amount cannot be completed safely within 90 days."
request_261,1830.4,affordable_now,full_payment,2026-07-03:1830.40,2026-07-03,none,"Pay EUR 1,830.40 today. This leaves at least EUR 1,500 available over the next 90 days."
request_262,9236000,affordable_now,full_payment,2024-12-05:9236000,2024-12-05,none,"Pay IDR 9,236,000 today. This leaves at least IDR 31,018,500 available over the next 90 days."
request_263,5551.4,not_affordable,not_recommended,none,,none,"Do not proceed with the ZAR 51,546 request. Although ZAR 5,551.40 is available today, the full amount cannot be completed safely within 90 days."
request_264,22963.26,affordable_later,wait,2026-06-15:111300,2026-06-15,none,"Pay INR 111,300 in full on 15 June 2026. Paying earlier would take the balance below the INR 59,500 minimum."
request_265,0,affordable_with_plan,full_payment,2024-03-06:45970,2024-03-06,stop:event_24383,"Stop the music subscription, then pay INR 45,970 today. This leaves at least INR 189,700 available."
request_266,757.6,affordable_with_plan,installments,2025-08-03:324.13|2025-08-31:324.13|2025-09-28:324.13,2025-09-15,none,"Use 3 installments of EUR 324.13, starting 3 August 2025. This leaves at least EUR 900 available."
request_267,1631.64,not_affordable,not_recommended,none,,none,"Do not make this payment by 17 March 2026. None of the available options keeps the EUR 1,500 minimum protected."
request_268,1041.5,affordable_with_plan,installments,2024-06-14:841.22|2024-07-15:841.22|2024-08-15:841.22,2024-07-15,none,"Use 3 installments of EUR 841.22, starting 14 June 2024. This leaves at least EUR 1,400 available."
request_269,9709.77,affordable_later,wait,2025-12-15:15490,2025-12-15,none,"Pay ZAR 15,490 in full on 15 December 2025. Paying earlier would take the balance below the ZAR 23,100 minimum."
request_270,79.55,not_affordable,not_recommended,none,,none,"Do not make this payment by 30 August 2026. None of the available options keeps the USD 1,400 minimum protected."
request_271,17073.99,affordable_later,wait,2024-11-15:91300,2024-11-15,none,"Pay INR 91,300 in full on 15 November 2024. Paying earlier would take the balance below the INR 58,200 minimum."
request_272,5342963.64,affordable_with_plan,installments,2025-02-12:4709466.67|2025-03-12:4709466.67|2025-04-09:4709466.67,2025-03-15,none,"Use 3 installments of IDR 4,709,466.67, starting 12 February 2025. This leaves at least IDR 7,508,600 available."
request_273,9533507.2,affordable_with_plan,partial_payment,2026-04-07:9533507.20|2026-04-15:6327492.80,2026-04-15,none,"Pay IDR 9,533,507.20 today and the remaining IDR 6,327,492.80 on 15 April 2026. This completes the full request and keeps the IDR 18,774,600 minimum protected."
request_274,2165.5,affordable_with_plan,installments,2024-12-04:940.75|2025-01-04:940.75|2025-02-04:940.75,2025-01-15,none,"Use 3 installments of EUR 940.75, starting 4 December 2024. This leaves at least EUR 1,800 available."
request_275,15884000,affordable_now,full_payment,2025-05-06:15884000,2025-05-06,none,"Pay IDR 15,884,000 today. This leaves at least IDR 12,760,100 available over the next 90 days."
